url,review
https://www.daraz.com.np/products/ring-tower-with-9-stacking-rings-with-adorable-lionduck-on-top-for-kids-i108745742-s1029361518.html?mp=1,Delivered on time! Was expecting a bit heavily built but found it to be light weight! Good for children's under 5yrs! overall a good product as per price
https://www.daraz.com.np/products/ring-tower-with-9-stacking-rings-with-adorable-lionduck-on-top-for-kids-i108745742-s1029361518.html?mp=1,It's a beautiful 
https://www.daraz.com.np/products/ring-tower-with-9-stacking-rings-with-adorable-lionduck-on-top-for-kids-i108745742-s1029361518.html?mp=1,best products for kids!
https://www.daraz.com.np/products/ring-tower-with-9-stacking-rings-with-adorable-lionduck-on-top-for-kids-i108745742-s1029361518.html?mp=1,My baby loved it
https://www.daraz.com.np/products/ring-tower-with-9-stacking-rings-with-adorable-lionduck-on-top-for-kids-i108745742-s1029361518.html?mp=1,Really love it
https://www.daraz.com.np/products/spider-shaker-bottle-with-protein-powder-compartment-cup-i102212003-s1022914003.html?mp=1,Product is good but i cant understand the use of middle box plz anyone tell me
https://www.daraz.com.np/products/spider-shaker-bottle-with-protein-powder-compartment-cup-i102212003-s1022914003.html?mp=1,Thnkyou so much for quality product 
https://www.daraz.com.np/products/spider-shaker-bottle-with-protein-powder-compartment-cup-i102212003-s1022914003.html?mp=1,No complaints at all.ps: I'm lazy
https://www.daraz.com.np/products/spider-shaker-bottle-with-protein-powder-compartment-cup-i102212003-s1022914003.html?mp=1,Really nice. Anyone can buy this.Fully satisfied.Highly recommended.I prefer this to everyone.
https://www.daraz.com.np/products/spider-shaker-bottle-with-protein-powder-compartment-cup-i102212003-s1022914003.html?mp=1,spider lekheko nai metiyobut bottle thik xa according to price
https://www.daraz.com.np/products/fidget-spinner-toy-i101106988-s1021716032.html?mp=1,Ramro cha product. Heavy cha and metal ra plastic ko combo ho size ni thulai raicha as per price.
https://www.daraz.com.np/products/fidget-spinner-toy-i101106988-s1021716032.html?mp=1,All the Fidget spinner are working well and price was affordable.
https://www.daraz.com.np/products/fidget-spinner-toy-i101106988-s1021716032.html?mp=1,Its excellent for its price
https://www.daraz.com.np/products/fidget-spinner-toy-i101106988-s1021716032.html?mp=1,You can trust this app they will bring the product to our home at the date which they have given.
https://www.daraz.com.np/products/fidget-spinner-toy-i101106988-s1021716032.html?mp=1,spinner is ok but i ask them to send me green n pinkbut they send me both green
https://www.daraz.com.np/products/redblack-3-in-1-spider-protein-power-shaker-500-ml-i102228002-s1022918003.html?mp=1,Product is of average quality. delivery was also in time but only problem is I ordered for red one and I got blue. good in this price range but not best..
https://www.daraz.com.np/products/redblack-3-in-1-spider-protein-power-shaker-500-ml-i102228002-s1022918003.html?mp=1,I am fully satisfied  it is good product for low price But plz customer choice only delivery like colour but not others colour
https://www.daraz.com.np/products/redblack-3-in-1-spider-protein-power-shaker-500-ml-i102228002-s1022918003.html?mp=1,great according to price and fast delivery
https://www.daraz.com.np/products/redblack-3-in-1-spider-protein-power-shaker-500-ml-i102228002-s1022918003.html?mp=1,raamro laago as per price.
https://www.daraz.com.np/products/redblack-3-in-1-spider-protein-power-shaker-500-ml-i102228002-s1022918003.html?mp=1,thikai xa
https://www.daraz.com.np/products/protein-shaker-bottle-with-spider-spring-3-in-1-gym-bottle-i102172002-s1022944001.html?mp=1,Price was just 425/- with the discount n delivery charge was also free. Packaging n delivery was great. Nicely packed with plastic. Product quality is also good. Product feels premium in hand. Thank you.
https://www.daraz.com.np/products/protein-shaker-bottle-with-spider-spring-3-in-1-gym-bottle-i102172002-s1022944001.html?mp=1,very disappointing with seller....how do I fill the bottle with the one of the cup inside bottle which didn't come out ...please check the product before I deliver...I just need a new one replaced ASAP....just a poor customer handling n sending the defect one .
https://www.daraz.com.np/products/protein-shaker-bottle-with-spider-spring-3-in-1-gym-bottle-i102172002-s1022944001.html?mp=1,Good quality for me it's okay   happy
https://www.daraz.com.np/products/protein-shaker-bottle-with-spider-spring-3-in-1-gym-bottle-i102172002-s1022944001.html?mp=1,quality ramro xa... price pani thikai laago..shipping fee free collecting point bhako bhae jhan ramro hunthyo..
https://www.daraz.com.np/products/protein-shaker-bottle-with-spider-spring-3-in-1-gym-bottle-i102172002-s1022944001.html?mp=1,#HighlyRecommendProduct was as same as mentioned. It has 2 compartment and a spring (shaker ball) inside the bottle. Cap was too tight so no need to worry about leakages. Bottle is BPA Free and contain 450 ml of liquid.
